<?xml version="1.0" encoding="UTF-8" standalone="yes"?>
<WasabiXML version="1.2">
	<skininfo>
		<version>1.0</version>
		<name>Sakuya Iyazoi Winamp Skin</name>
		<comment>Winamp Skin with Sakuya Izayoi</comment>
		<author  gaybag="">AZN Team modified by kaza-sou</author>
		<email>kaza_sou_luv45@yahoo.com</email>
		<homepage>http://randomnessthing.com</homepage>
	</skininfo>

	<include file="xml/player.xml"/>
	<include file="about/about.xml"/>
	<include file="xml/standardframe.xml"/>
	<include file="xml/system-elements.xml"/>
	<include file="xml/system-colors.xml"/>
	<include file="xml/pledit.xml"/>
	<include file="xml/ml.xml"/>
	<include file="xml/video.xml"/>
	<include file="xml/vis.xml"/>
</WasabiXML>