<elements>

<!-- Component Buttons -->
<bitmap id="component.button.add" file="window/plbtn.png" x="0" y="0" w="40" h="20" />
<bitmap id="component.button.add.hover" file="window/plbtnhover.png" x="0" y="0" w="40" h="20"/>
<bitmap id="component.button.rem" file="window/plbtn.png" x="40" y="0" w="40" h="20"/>
<bitmap id="component.button.rem.hover" file="window/plbtnhover.png" x="40" y="0" w="40" h="20"/>
<bitmap id="component.button.sel" file="window/plbtn.png" x="80" y="0" w="32" h="20"/>
<bitmap id="component.button.sel.hover" file="window/plbtnhover.png" x="80" y="0" w="32" h="20"/>
<bitmap id="component.button.misc" file="window/plbtn.png" x="112" y="0" w="46" h="20"/>
<bitmap id="component.button.misc.hover" file="window/plbtnhover.png" x="112" y="0" w="46" h="20"/>
<bitmap id="component.button.list" file="window/lstbtn.png" x="0" y="0" />
<bitmap id="component.button.list.hover" file="window/lstbtnhover.png" x="0" y="0"/>

<bitmap id="component.button.full" file="window/vidbtn.png" x="0" y="0" w="38" h="20"/>
<bitmap id="component.button.full.hover" file="window/vidbtnhover.png" x="0" y="0" w="38" h="20"/>
<bitmap id="component.button.1x" file="window/vidbtn.png" x="38" y="0" w="30" h="20"/>
<bitmap id="component.button.1x.hover" file="window/vidbtnhover.png" x="38" y="0" w="30" h="20"/>
<bitmap id="component.button.2x" file="window/vidbtn.png" x="68" y="0" w="34" h="20"/>
<bitmap id="component.button.2x.hover" file="window/vidbtnhover.png" x="68" y="0" w="34" h="20"/>
<bitmap id="component.button.tv" file="window/vidbtn.png" x="102" y="0" w="33" h="20"/>
<bitmap id="component.button.tv.hover" file="window/vidbtnhover.png" x="102" y="0" w="33" h="20"/>

<bitmap id="component.button.prev" file="window/visbtn.png" x="0" y="0" w="48" h="20"/>
<bitmap id="component.button.prev.hover" file="window/visbtnhvr.png" x="0" y="0" w="48" h="20"/>
<bitmap id="component.button.next" file="window/visbtn.png" x="48" y="0" w="48" h="20" />
<bitmap id="component.button.next.hover" file="window/visbtnhvr.png" x="48" y="0" w="48" h="20"/>
<bitmap id="component.button.rand" file="window/visbtn.png" x="96" y="0" w="48" h="20"/>
<bitmap id="component.button.rand.enabled" file="window/visbtnhvr.png" x="96" y="0" w="48" h="20"/>

<bitmap id="component.chara.ml" file="window/mlchara.png" />
<!--
<bitmap id="component.chara.pl" file="window/plchara.png" />

<bitmap id="component.chara.vid" file="window/vidchara.png" />
<bitmap id="component.chara.avs" file="window/vischara.png" />
-->
<bitmap id="component.title.pl" file="window/pledit.png" x="0" y="0" />
<bitmap id="component.title.ml" file="window/medialibrary.png" x="0" y="0" />
<bitmap id="component.title.vid" file="window/video.png" x="0" y="0"/>
<bitmap id="component.title.avs" file="window/visualization.png" x="0" y="0" />

  <bitmap id="component.button.close" file="window/clsbtn.png" x="1" y="1" w="39" h="13"/>
  <bitmap id="component.button.close.pressed" file="window/clsbtn.png" x="0" y="0" w="39" h="13"/>
</elements>
