<groupdef id="Eq.Band.Group">

  <slider
    id="preamp"
    action="EQ_PREAMP"
    x="0" y="0"
    w="14" h="0" relath="1"
    alpha="255"
  
    orientation="vertical"
    thumb="eq.band.slider"
    downthumb="eq.band.slider.pressed" sysregion="1" 
  />
  
  <slider
    id="eq1"
    action="EQ_BAND" param="1"
    x="30" y="0"
    w="14" h="0" relath="1"
    alpha="255"
  
    orientation="vertical"
    thumb="eq.band.slider"
    downthumb="eq.band.slider.pressed" sysregion="1" 
  />
  
  <slider
    id="eq2"
    action="EQ_BAND" param="2"
    x="45" y="0"
    w="14" h="0" relath="1"
    alpha="255"
  
    orientation="vertical"
    thumb="eq.band.slider"
    downthumb="eq.band.slider.pressed" sysregion="1" 
  />
  
  <slider
    id="eq3"
    action="EQ_BAND" param="3"
    x="60" y="0"
    w="14" h="0" relath="1"
    alpha="255"
  
    orientation="vertical"
    thumb="eq.band.slider"
    downthumb="eq.band.slider.pressed" sysregion="1" 
  />
  
  <slider
    id="eq4"
    action="EQ_BAND" param="4"
    x="75" y="0"
    w="14" h="0" relath="1"
    alpha="255"
  
    orientation="vertical"
    thumb="eq.band.slider"
    downthumb="eq.band.slider.pressed" sysregion="1" 
  />
  
  <slider
    id="eq5"
    action="EQ_BAND" param="5"
    x="90" y="0"
    w="14" h="0" relath="1"
    alpha="255"
  
    orientation="vertical"
    thumb="eq.band.slider"
    downthumb="eq.band.slider.pressed" sysregion="1" 
  />
  
  <slider
    id="eq6"
    action="EQ_BAND" param="6"
    x="105" y="0"
    w="14" h="0" relath="1"
    alpha="255"
  
    orientation="vertical"
    thumb="eq.band.slider"
    downthumb="eq.band.slider.pressed" sysregion="1" 
  />
  
  <slider
    id="eq7"
    action="EQ_BAND" param="7"
    x="120" y="0"
    w="14" h="0" relath="1"
    alpha="255"
  
    orientation="vertical"
    thumb="eq.band.slider"
    downthumb="eq.band.slider.pressed" sysregion="1" 
  />
  
  <slider
    id="eq8"
    action="EQ_BAND" param="8"
    x="135" y="0"
    w="14" h="0" relath="1"
    alpha="255"
  
    orientation="vertical"
    thumb="eq.band.slider"
    downthumb="eq.band.slider.pressed" sysregion="1" 
  />
  
  <slider
    id="eq9"
    action="EQ_BAND" param="9"
    x="150" y="0"
    w="14" h="0" relath="1"
    alpha="255"
  
    orientation="vertical"
    thumb="eq.band.slider"
    downthumb="eq.band.slider.pressed" sysregion="1" 
  />
  
  <slider
    id="eq10"
    action="EQ_BAND" param="10"
    x="165" y="0"
    w="14" h="0" relath="1"
    alpha="255"
  
    orientation="vertical"
    thumb="eq.band.slider"
    downthumb="eq.band.slider.pressed" sysregion="1" 
  />
  
</groupdef>

<groupdef id="EQ.Button.Group">
		
		<NStatesButton
			id="EQ_ON"
    		x="0" y="0"
    		action="EQ_TOGGLE"
    		nstates="2"
    		autoelements="1" ghost="0" 
    		image="eqon" downimage="eqon_pressed" hoverimage="eqon"
  		/>
		
		<NStatesButton
    		id="Auto"
    		x="46" y="0"
    		action="EQ_AUTO"
    		nstates="2"
    		autoelements="1" ghost="0" 
    		image="auto" downimage="auto_pressed" hoverimage="auto"
  		/>
  		
		<NStatesButton
    		id="Lock"
			x="86" y="0"
    		nstates="2"
    		autoelements="1" ghost="0" 
    		image="lock" downimage="lock_pressed" hoverimage="lock"
  		/>
		
		<button
			id="EQ_Preset"
			x="130" y="0"
			action="MENU" param="presets"
			image="eq.button.preset"
			hoverimage="eq.button.preset.hover"
			downimage="eq.button.preset.pressed" 
		/>
</groupdef>

<groupdef id="Eq.Main.Group">
	<layer id="eq.back" image="eq.back" x="0" y="0" sysregion="1" />
	
	<togglebutton
		id="eq.btnback"
		x="62" y="219" 
		action="TOGGLE" param=""
		image="eq.button.back"
		hoverimage="eq.button.back.hover" tooltip="Back to Main Window"
		downimage="eq.button.back.pressed" sysregion="1" ghost="0" alpha="255"
	/>
		
	<group id="Eq.Band.Group" x="270" y="80" w="293" h="90" />
	<group id="Eq.Button.Group" x="273" y="53" />
	<script file="scripts/lock.maki"/>
</groupdef>