<elements>
	<bitmap id="player.base" file="player/playerbase.png" />
	<bitmap id="player.back" file="player/playerback.png" />
	<bitmap id="player.logo" file="player/logo.png" />
	
	<!-- Control Button -->
	<bitmap id="player.button.play" file="player/cbtn.png" x="1" y="1" w="17" h="12" />
	<bitmap id="player.button.play.hover" file="player/cbtnhvr.png" x="1" y="1" w="17" h="12" />
	<bitmap id="player.button.play.pressed" file="player/cbtnhvr.png" x="0" y="0" w="17" h="12" />
	<bitmap id="player.button.pause" file="player/cbtn.png" x="19" y="1" w="17" h="12" />
	<bitmap id="player.button.pause.hover" file="player/cbtnhvr.png" x="19" y="1" w="17" h="12" />
	<bitmap id="player.button.pause.pressed" file="player/cbtnhvr.png" x="18" y="0" w="17" h="12" />
	<bitmap id="player.button.stop" file="player/cbtn.png" x="37" y="1" w="17" h="12" />
	<bitmap id="player.button.stop.hover" file="player/cbtnhvr.png" x="37" y="1" w="17" h="12" />
	<bitmap id="player.button.stop.pressed" file="player/cbtnhvr.png" x="36" y="0" w="17" h="12" />
	<bitmap id="player.button.prev" file="player/cbtn.png" x="55" y="1" w="17" h="12" />
	<bitmap id="player.button.prev.hover" file="player/cbtnhvr.png" x="55" y="1" w="17" h="12" />
	<bitmap id="player.button.prev.pressed" file="player/cbtnhvr.png" x="54" y="0" w="17" h="12" />
	<bitmap id="player.button.next" file="player/cbtn.png" x="73" y="1" w="17" h="12" />
	<bitmap id="player.button.next.hover" file="player/cbtnhvr.png" x="73" y="1" w="17" h="12" />
	<bitmap id="player.button.next.pressed" file="player/cbtnhvr.png" x="72" y="0" w="17" h="12" />
	
	<!-- Window Button -->
	<bitmap id="player.button.ml" file="player/wbtn.png" x="1" y="1" w="15" h="23" />
	<bitmap id="player.button.ml.hover" file="player/wbtnhvr.png" x="1" y="1" w="15" h="23" />
	<bitmap id="player.button.ml.pressed" file="player/wbtnhvr.png" x="0" y="0" w="15" h="23" />
	<bitmap id="player.button.pl" file="player/wbtn.png" x="1" y="25" w="15" h="21" />
	<bitmap id="player.button.pl.hover" file="player/wbtnhvr.png" x="1" y="25" w="15" h="21" />
	<bitmap id="player.button.pl.pressed" file="player/wbtnhvr.png" x="0" y="24" w="15" h="21" />
	<bitmap id="player.button.eq" file="player/wbtn.png" x="1" y="47" w="15" h="24" />
	<bitmap id="player.button.eq.hover" file="player/wbtnhvr.png" x="1" y="47" w="15" h="24" />
	<bitmap id="player.button.eq.pressed" file="player/wbtnhvr.png" x="0" y="46" w="15" h="24" />
	
	<!-- Repeat Button -->
	<bitmap id="repeat0" file="player/repeat_shuffle.png" x="2" y="2" w="80" h="32"/>
	<bitmap id="repeat1" file="player/repeat_shuffle.png" x="2" y="42" w="80" h="32"/>
	<bitmap id="repeat2" file="player/repeat_shuffle.png" x="2" y="82" w="80" h="32"/>
	<bitmap id="repeat.pressed0" file="player/repeat_shuffle.png" x="0" y="0" w="80" h="32"/>
	<bitmap id="repeat.pressed1" file="player/repeat_shuffle.png" x="0" y="40" w="80" h="32"/>
	<bitmap id="repeat.pressed2" file="player/repeat_shuffle.png" x="0" y="80" w="80" h="32"/>
	
	<!-- Shuffle Button -->
	<bitmap id="shuffle0" file="player/repeat_shuffle.png" x="82" y="2" w="75" h="50"/>
	<bitmap id="shuffle1" file="player/repeat_shuffle.png" x="82" y="62" w="75" h="50"/>
	<bitmap id="shuffle.pressed0" file="player/repeat_shuffle.png" x="80" y="0" w="75" h="50"/>
	<bitmap id="shuffle.pressed1" file="player/repeat_shuffle.png" x="80" y="60" w="75" h="50"/>
	
	<!-- Volume and Seek -->
	<bitmap id="player.slider.seek.thumb" file="player/seek.png" x="0" y="7" w="10" h="7"/>
	<bitmap id="player.slider.seek.Progress" file="player/seek.png" x="0" y="7" w="1" h="7"/>
	
	<bitmap id="player.volume.button" file="player/volbtn.png" x="1" y="1" w="16" h="17" />
	<bitmap id="player.volume.button.pressed" file="player/volbtn.png" x="0" y="0" w="16" h="17" />
	<bitmap id="player.volume.base" file="player/volbase.png" />
	<bitmap id="player.volume.progress" file="player/volprogress.png" />
	<bitmap id="player.volume.thumb" file="player/volthumb.png" />
	
	<!-- Open Button -->
	<bitmap id="player.button.open" file="player/wbtn.png" x="1" y="72" w="15" h="41" />
	<bitmap id="player.button.open.hover" file="player/wbtnhvr.png" x="1" y="72" w="15" h="41" />
	<bitmap id="player.button.open.pressed" file="player/wbtn.png" x="0" y="71" w="15" h="41" />
	
	<!-- Close and Minimize Button -->
	<bitmap id="player.button.minimize" file="player/minbtn.png" x="1" y="1" w="15" h="12" />
	<bitmap id="player.button.minimize.hover" file="player/minbtnhvr.png" x="1" y="1" w="15" h="12" />
	<bitmap id="player.button.minimize.pressed" file="player/minbtnhvr.png" x="0" y="0" w="15" h="12" />
	<bitmap id="player.button.close" file="player/close.png" x="1" y="1" w="14" h="12" />
	<bitmap id="player.button.close.hover" file="player/closehvr.png" x="1" y="1" w="14" h="12" />
	<bitmap id="player.button.close.pressed" file="player/closehvr.png" x="0" y="0" w="14" h="12" />
	
	<!-- Equalizer -->
	<bitmap id="eq.back" file="eq/eqback.png" />
	
	<bitmap id="eq.band.slider" file="eq/slider.png" x="1" y="1" w="13" h="23" />
	<bitmap id="eq.band.slider.pressed" file="eq/slider.png" x="0" y="0" w="13" h="23" />
	
	<bitmap id="eqon0" file="eq/eqbtn.png" x="1" y="1" w="45" h="11"/>
	<bitmap id="eqon1" file="eq/eqbtnon.png" x="1" y="1" w="45" h="11"/>
	<bitmap id="eqon_pressed0" file="eq/eqbtn.png" x="0" y="0" w="45" h="11"/>
	<bitmap id="eqon_pressed1" file="eq/eqbtnon.png" x="0" y="0" w="45" h="11"/>
	
	<bitmap id="auto0" file="eq/eqbtn.png" x="47" y="1" w="39" h="11"/>
	<bitmap id="auto1" file="eq/eqbtnon.png" x="47" y="1" w="39" h="11"/>
	<bitmap id="auto_pressed0" file="eq/eqbtn.png" x="46" y="0" w="39" h="11"/>
	<bitmap id="auto_pressed1" file="eq/eqbtnon.png" x="46" y="0" w="39" h="11"/>
	
	<bitmap id="lock0" file="eq/eqbtn.png" x="87" y="1" w="43" h="11"/>
	<bitmap id="lock1" file="eq/eqbtnon.png" x="87" y="1" w="43" h="11"/>
	<bitmap id="lock_pressed0" file="eq/eqbtn.png" x="86" y="0" w="43" h="11"/>
	<bitmap id="lock_pressed1" file="eq/eqbtnon.png" x="86" y="0" w="43" h="11"/>
	
	<bitmap id="eq.button.preset" file="eq/eqbtn.png" x="131" y="1" w="48" h="11"/>
	<bitmap id="eq.button.preset.hover" file="eq/eqbtnon.png" x="131" y="1" w="48" h="11"/>
	<bitmap id="eq.button.preset.pressed" file="eq/eqbtnon.png" x="130" y="0" w="48" h="11"/>
	
	<bitmap id="eq.button.back" file="eq/backbtn.png" x="1" y="1" w="24" h="24"/>
	<bitmap id="eq.button.back.hover" file="eq/backbtnhvr.png" x="1" y="1" w="24" h="24"/>
	<bitmap id="eq.button.back.pressed" file="eq/backbtnhvr.png" x="1" y="0" w="24" h="24"/>
</elements>