<include file="player-elements.xml"/>
<include file="player-group.xml"/>
<include file="eq-group.xml"/>

<container id="main" name="Master Console" default_x="0" default_y="0" default_visible="1">
  <layout id="normal" w="500" h="280" droptarget="pldr" desktopalpha="1" >
        <layer id="player.base" image="player.base" x="0" y="0" sysregion="1" />
		
		<group id="Eq.Main.Group" x="0" y="0" w="500" h="280" alpha="0" />
		<group id="Player.Main.Group" x="0" y="0" w="500" h="280" alpha="255" />
		
		<layer id="player.logo" image="player.logo" x="-240" y="-96" relatx="1" relaty="1" sysregion="1" />
		
		<script file="scripts/geassfade.maki"/>
  </layout>
 </container>