<groupdef id="Player.Button.Control.Group">
	<button
		id="Play"
		action="PLAY"
		x="0" y="0"
		image="player.button.play"
		hoverimage="player.button.play.hover"
		downImage="player.button.play.pressed"
		sysregion="1"
	/>
	
	<button
		id="Pause"
		action="PAUSE"
		x="0" y="0"
		image="player.button.pause"
		hoverimage="player.button.pause.hover"
		downImage="player.button.pause.pressed"
		sysregion="1"
	/>
	
	<button
		id="Stop"
		action="STOP"
		x="20" y="0"
		image="player.button.stop"
		hoverimage="player.button.stop.hover"
		downImage="player.button.stop.pressed"
		sysregion="1"
	/> 
	
	<button
		id="Prev"
		action="PREV"
		x="40" y="0"
		image="player.button.prev"
		hoverimage="player.button.prev.hover"
		downImage="player.button.prev.pressed"
		sysregion="1"
	/>
	
	<button
		id="Next"
		action="NEXT"
		x="60" y="0"
		image="player.button.next"
		hoverimage="player.button.next.hover"
		downImage="player.button.next.pressed"
		sysregion="1"
	/>

	<script file="scripts/playpause.maki"/>
</groupdef>

<groupdef id="Player.Button.Window.Group">
	<button
		id="ml"
		action="TOGGLE"  param="guid:ml"
		x="0" y="0"
		image="player.button.ml"
		hoverimage="player.button.ml.hover"
		downimage="player.button.ml.pressed"
		tooltip="Media library"
	/>
	<button
		id="pl"
		action="TOGGLE"  param="guid:pl"
		x="0" y="24"
		image="player.button.pl"
		hoverimage="player.button.pl.hover"
		downimage="player.button.pl.pressed"
		tooltip="Playlist Editor"
	/>
	<togglebutton
		id="eq"
		action="TOGGLE" param="eq"
		x="0" y="46"
		image="player.button.eq"
		hoverimage="player.button.eq.hover"
		downimage="player.button.eq.pressed"
		tooltip="Equalizer"
	/>
	<button
		id="open"
		action="EJECT"
		x="0" y="71"
		image="player.button.open"
		hoverimage="player.button.open.hover"
		downImage="player.button.open"
		tooltip="Open File"
	/>
</groupdef>

<groupdef id="Player.ToggleButton.Group">

  <NStatesButton
    id="repeat"
    x="0" y="0"
    nstates="3"
    autoelements="1"
    image="repeat" downimage="repeat.pressed" hoverimage="repeat"
    cfgattrib="{45F3F7C1-A6F3-4EE6-A15E-125E92FC3F8D};Repeat"
    cfgvals="0;1;-1"
  />

  <NStatesButton
    id="shuffle"
    x="10" y="30"
    nstates="2"
    autoelements="1"
    image="shuffle" downimage="shuffle.pressed" hoverimage="shuffle"
    cfgattrib="{45F3F7C1-A6F3-4EE6-A15E-125E92FC3F8D};Shuffle"
    cfgvals="0;1"
  />

</groupdef>

<groupdef id="Player.Slider.Seek.Group">
  <ProgressGrid
    x="0" y="0"
    w="190" h="3"
    alpha="255" orientation="Right"
    middle="player.slider.seek.Progress"
  />

<Slider
    id="Seek"
    x="0" y="0"
    w="200" h="3"
    alpha="255" action="SEEK"
    thumb="player.slider.seek.thumb"
    tooltip="Seek"
  />

</groupdef>

<groupdef id="Player.Slider.Volume.Group">
	<layer
		id="Base"
		x="0" y="0"
		image="player.volume.base"
	/>
	<layer
		id="VolBar"
		x="4" y="6" w="90"
		image="player.volume.Progress"
	/>
	
	<Slider
		id="Volume"
		x="4" y="3"
		w="100" h="8"
		action="VOLUME"
		thumb="player.volume.thumb"
		tooltip="Volume" ghost="1"
	/>
	<script file="scripts/geassvol.maki"/>
</groupdef>

<groupdef id="Player.Main.Group">
	<layer id="player.back" image="player.back" x="0" y="0" sysregion="1" />
	<group id="Player.Button.Control.Group" x="328" y="52" />
	<text
		id="songticker" ticker="1"
		display="songname" default="" showlen="1"
		x="60" y="226"
		w="180" h="18"
		font="Arial" fontsize="18" bold="0" italic="0" align="left"
		color="0,0,0" alpha="255"
		forcefixed="1"
	/>
	<text
		id="timer"
		display="time"
		x="268" y="47"
		w="50" h="20"
		align="right"
		font="Arial" fontsize="20" bold="1" italic="0"  
		timecolonwidth="9" timeroffstyle="1"
		color="255,255,255"
		forcefixed="1"
	/>
	<script id="clock" file="scripts/clock.maki"/>
	<group id="Player.Slider.Seek.Group" x="60" y="244" w="200" h="3" alpha="255"/>
	<group id="Player.Slider.Volume.Group" x="-192" y="72" relatx="1" alpha="0"/>
	<group id="Player.ToggleButton.Group" x="198" y="120" />
	<script file="scripts/geassdisp.maki"/>
	<togglebutton
		id="volbtn"
		action="TOGGLE" param=""
		x="-78" y="72" relatx="1"
		image="player.volume.button"
		downimage="player.volume.button.pressed"
	/>
	<script file="scripts/geassvolbar.maki"/>
	<button
		id="minimize"
		action="MINIMIZE"
		x="-82" y="52" relatx="1"
		image="player.button.minimize"
		hoverimage="player.button.minimize.hover"
		downImage="player.button.minimize.pressed"
		tooltip="Minimize" sysregion="1"
	/>
	<button
		id="close"
		action="CLOSE"
		x="-62" y="52" relatx="1"
		image="player.button.close"
		hoverimage="player.button.close.hover"
		downImage="player.button.close.pressed"
		tooltip="Exit Winamp" sysregion="1"
	/>
	
	<group id="Player.Button.Window.Group" x="-58" y="78" relatx="1" />

	<vis id="visual"
		x="62" y="188"
		w="130" h="35"
		relatx="0"
		alpha="100"
		gammagroup="DisplayVis"
		ColorBand1="255,255,255"
		ColorBand2="255,255,255"
		ColorBand3="255,255,255"
		ColorBand4="255,255,255"
		ColorBand5="255,255,255"
		ColorBand6="255,255,255"
		ColorBand7="255,255,255"
		ColorBand8="255,255,255"
		ColorBand9="255,255,255"
		ColorBand10="255,255,255"
		ColorBand11="255,255,255"
		ColorBand12="255,255,255"
		ColorBand13="255,255,255"
		ColorBand14="255,255,255"
		ColorBand15="255,255,255"
		ColorBand16="255,255,255"

		colorbandpeak="255,255,255"
		colorosc1="255,255,255"
		colorosc2="255,255,255"
		colorosc3="255,255,255"
		colorosc4="255,255,255"
		colorosc5="255,255,255"
	/>
</groupdef>