<include file="components-elements.xml"/>

<groupdef id="pledit.button.group">

<button
	id="pl.add"
	action="pe_add"
	x="0" y="0"
	image="component.button.add"
	hoverimage="component.button.add.hover"
	downimage="component.button.add.hover"
/>

<button
	id="pl.rem"
	action="PE_rem"
	x="40" y="0"
	image="component.button.rem"
	hoverimage="component.button.rem.hover"
	downimage="component.button.rem.hover"
/>

<button
	id="pl.sel"
	action="PE_Sel"
	x="80" y="0"
	image="component.button.sel"
	hoverimage="component.button.sel.hover"
	downimage="component.button.sel.hover"
/>

<button
	id="pl.misc"
	action="PE_Misc"
	x="112" y="0"
	image="component.button.misc"
	hoverimage="component.button.misc.hover"
	downimage="component.button.misc.hover"
/>

</groupdef>


<groupdef id="pledit.content.group">

  <component
    x="0" y="0" w="0" h="0" relatw="1" relath="1"
    noshowcmdbar="1"
    autoopen="1"
    autoclose="1"
    param="guid:{45F3F7C1-A6F3-4ee6-A15E-125E92FC3F8D}"
  />

</groupdef>

<container id="Pledit" name="Playlist Editor" default_visible="0" >

  <layout id="normal" minimum_w="350" minimum_h="150" default_w="350" default_h="200" background="component.basetexture">
    <Wasabi:standardframe:statusbar
      x="0" y="0" w="0" h="0" relatw="1" relath="1"
      content="pledit.content.group"
    />
    <group id="pledit.button.group" x="10" y="-25" relaty="1"/>
		
	<text
	    id="PLTime"
	    ticker="1"
	    display="PE_Info"
	    x="-150" y="-21" w="130" h="16"
	    relatx="1" relaty="1"
	    font="Arial" bold="1"
	    align="left"
	    valign="top"
	    fontsize="16"
	    color="255,255,255"
	/>
	
	<button
		id="pl.list"
		action="PE_List"
		x="-55" y="-25"
		relatx="1" relaty="1"
		image="component.button.list"
		hoverimage="component.button.list.hover"
		downimage="component.button.list.hover"
	/>
	<layer id="title" x="10" y="5" ghost="1" alpha="255" image="component.title.pl"/>
  </layout>

</container>
