<elements>

<!-- Nomal Window -->
  <bitmap id="window.Line" file="window/standardframe.png" x="6" y="6" w="2" h="2"/>
  <bitmap id="window.Line2" file="window/standardframe.png" x="6" y="40" w="2" h="2"/>
  <bitmap id="component.basetexture" file="window/standardframe.png" x="6" y="40" w="10" h="10"/>

<!-- Close Buttons -->
</elements>

<groupdef id="wasabi.frame.layout" >

  <layer id="base" x="0" y="0" w="0" h="0" relatw="1" relath="1" image="component.basetexture"/>

  <layer id="top.left.corner.resize" x="0" y="0" w="10" h="10" resize="topleft"/>
  <layer id="top.resize" x="25" y="0" w="-20" h="5" relatw="1" resize="top"/>
  <layer id="top.right.corner.resize" x="-10" y="0" w="10" h="10" relatx="1" resize="topright"/>

  <layer id="Left.resize" x="0" y="10" w="5" h="-20" relath="1" resize="left"/>
  <layer id="Right.resize" x="-5" y="10" w="5" h="-20" relatx="1" relath="1" resize="right"/>

  <layer id="bottom.left.corner.resize" x="0" y="-10" w="10" h="10" relaty="1" resize="bottomleft"/>
  <layer id="bottom.resize" x="10" y="-5" w="-20" h="5" relaty="1" relatw="1" resize="bottom"/>
  <layer id="bottom.right.corner.resize" x="-10" y="-10" w="10" h="10" relatx="1" relaty="1" resize="bottomright"/>

  <grid
    id="Frame"
    x="0" y="0" w="-0" h="0"
    ghost="1" relatw="1" relath="1"
    topleft="window.line"
    top="window.line"
    topright="window.line"
    left="window.line"
    right="window.line"
    bottomleft="window.line"
    bottom="window.line"
    bottomright="window.line"
  />

  	<Button
	    id="Close"
	    x="-45" y="5"
	    relatx="1" alpha="255"
	    action="CLOSE"
	    image="component.button.close"
		downimage="component.button.close.pressed"
	/>
</groupdef>


<groupdef id="wasabi.frame.ButtonArea" >

  <grid
    id="Frame"
    x="0" y="0" w="-0" h="0"
    ghost="1" relatw="1" relath="1"
    topleft="window.line"
    top="window.line"
    topright="window.line"
    middle="window.line"
    left="window.line"
    right="window.line"
    bottomleft="window.line"
    bottom="window.line"
    bottomright="window.line"
  />

</groupdef>

<groupdef id="wasabi.standardframe.statusbar" background="component.basetexture" xuitag="Wasabi:standardframe:statusbar">
    <group id="wasabi.frame.layout" x="0" y="0" w="0" h="0" relatw="1" relath="1" />
    <group id="wasabi.frame.ButtonArea" x="5" y="-25" w="-10" h="20" relatw="1" relaty="1" /><!-- LayoutStatus id="frame.layoutstatus" x="10" y="-22" w="-30" h="18" relaty="1" relatw="1" exclude="{system}" / -->
    <SysCmds id="syscmds" />
    <script id="standardframe.script" file="scripts/standardframe.maki" param="5,50,-10,-80,0,0,1,1" />
</groupdef>

<groupdef id="wasabi.standardframe.nostatusbar" background="component.basetexture" xuitag="Wasabi:standardframe:nostatusbar">
    <group id="wasabi.frame.layout" x="0" y="0" w="0" h="0" relatw="1" relath="1" />
    <SysCmds id="syscmds" />
    <script id="standardframe.script" file="scripts/standardframe.maki" param="5,50,-10,-55,0,0,1,1" />
</groupdef>

<groupdef id="wasabi.standardframe.modal" inherit_group="wasabi.standardframe.nostatusbar">
    <hideobject target="sysmenu"/>
    <sendparams target="window.top.left;window.top;window.top.right;window.left;window.right;window.bottom.left.top;window.bottom.left;window.bottom.left.bottom;window.bottom.top;window.bottom;window.bottom.bottom;window.bottom.right.top;window.bottom.right;window.bottom.right.bottom" resize="0"/>
</groupdef>

<groupdef id="wasabi.standardframe.static" inherit_group="wasabi.standardframe.nostatusbar" >
    <sendparams target="window.top.left;window.top;window.top.right;window.left;window.right;window.bottom.left.top;window.bottom.left;window.bottom.left.bottom;window.bottom.top;window.bottom;window.bottom.bottom;window.bottom.right.top;window.bottom.right;window.bottom.right.bottom" resize="0" />
</groupdef>
