<elements>

<!-- Generic Button -->
  <bitmap id="wasabi.button.label.arrow.up" file="window/window-elements.png" x="68"  y="0" h="4" w="7"/>
  <bitmap id="wasabi.button.label.arrow.down" file="window/window-elements.png" x="68" y="11" h="4" w="7"/>
  <bitmap id="wasabi.button.label.arrow.left" file="window/window-elements.png" x="64" y="4" h="7" w="4"/>
  <bitmap id="wasabi.button.label.arrow.right" file="window/window-elements.png" x="75" y="4" h="7" w="4"/>

  <bitmap id="wasabi.button.top.left" file="window/standardframe.png" x="0" y="0" h="5" w="5" gammagroup="SystemButton"/>
  <bitmap id="wasabi.button.top" file="window/standardframe.png" x="5" y="0" h="5" w="24" gammagroup="SystemButton"/>
  <bitmap id="wasabi.button.top.right" file="window/standardframe.png" x="31" y="0" h="5" w="5" gammagroup="SystemButton"/>
  <bitmap id="wasabi.button.left" file="window/standardframe.png" x="0" y="5" h="24" w="5" gammagroup="SystemButton"/>
  <bitmap id="wasabi.button.center" file="window/standardframe.png" x="5" y="5" h="24" w="24" gammagroup="SystemButton"/>
  <bitmap id="wasabi.button.right" file="window/standardframe.png" x="31" y="5" h="24" w="5" gammagroup="SystemButton"/>
  <bitmap id="wasabi.button.bottom.left" file="window/standardframe.png" x="0" y="33" h="5" w="5" gammagroup="SystemButton"/>
  <bitmap id="wasabi.button.bottom" file="window/standardframe.png" x="5" y="33" h="5" w="24" gammagroup="SystemButton"/>
  <bitmap id="wasabi.button.bottom.right" file="window/standardframe.png" x="31" y="33" h="5" w="5" gammagroup="SystemButton"/>
  <bitmap id="wasabi.button.middle" file="window/standardframe.png" x="5" y="5" h="24" w="24" gammagroup="SystemButton"/>

  <bitmap id="wasabi.button.pressed.top.left" file="window/standardframe.png" x="36" y="0" h="5" w="5" gammagroup="SystemButton"/>
  <bitmap id="wasabi.button.pressed.top" file="window/standardframe.png" x="41" y="0" h="5" w="24" gammagroup="SystemButton"/>
  <bitmap id="wasabi.button.pressed.top.right" file="window/standardframe.png" x="67" y="0" h="5" w="5" gammagroup="SystemButton"/>
  <bitmap id="wasabi.button.pressed.left" file="window/standardframe.png" x="36" y="5" h="24" w="5" gammagroup="SystemButton"/>
  <bitmap id="wasabi.button.pressed.center" file="window/standardframe.png" x="41" y="5" h="24" w="24" gammagroup="SystemButton"/>
  <bitmap id="wasabi.button.pressed.right" file="window/standardframe.png" x="67" y="5" h="24" w="5" gammagroup="SystemButton"/>
  <bitmap id="wasabi.button.pressed.bottom.left" file="window/standardframe.png" x="36" y="33" h="5" w="5" gammagroup="SystemButton"/>
  <bitmap id="wasabi.button.pressed.bottom" file="window/standardframe.png" x="41" y="33" h="5" w="24" gammagroup="SystemButton"/>
  <bitmap id="wasabi.button.pressed.bottom.right" file="window/standardframe.png" x="67" y="33" h="5" w="5" gammagroup="SystemButton"/>
  <bitmap id="wasabi.button.pressed.middle" file="window/standardframe.png" x="41" y="5" h="24" w="24" gammagroup="SystemButton"/>


<!-- Object Frame -->
  <bitmap id="wasabi.objectframe.top.left" file="window/window-elements.png" x="0" y="0" h="4" w="4" gammagroup="SystemButton"/>
  <bitmap id="wasabi.objectframe.top" file="window/window-elements.png" x="4" y="0" h="4" w="24" gammagroup="SystemButton"/>
  <bitmap id="wasabi.objectframe.top.right" file="window/window-elements.png" x="28" y="0" h="4" w="4" gammagroup="SystemButton"/>
  <bitmap id="wasabi.objectframe.left" file="window/window-elements.png" x="0" y="4" h="24" w="4" gammagroup="SystemButton"/>
  <bitmap id="wasabi.objectframe.center" file="window/window-elements.png" x="4" y="4" h="24" w="24" gammagroup="SystemButton"/>
  <bitmap id="wasabi.objectframe.right" file="window/window-elements.png" x="28" y="4" h="24" w="4" gammagroup="SystemButton"/>
  <bitmap id="wasabi.objectframe.bottom.left" file="window/window-elements.png" x="0" y="28" h="4" w="4" gammagroup="SystemButton"/>
  <bitmap id="wasabi.objectframe.bottom" file="window/window-elements.png" x="4" y="28" h="4" w="24" gammagroup="SystemButton"/>
  <bitmap id="wasabi.objectframe.bottom.right" file="window/window-elements.png" x="28" y="28" h="4" w="4" gammagroup="SystemButton"/>
  <bitmap id="wasabi.objectframe.middle" file="window/window-elements.png" x="4" y="4" h="24" w="24" gammagroup="SystemButton"/>

<!-- Standard Configuration Widgets -->
  <bitmap id="wasabi.button.checkbox" file="window/window-elements.png" x="64" y="25" h="7" w="7"/>
  <bitmap id="wasabi.button.checkbox.pressed" file="window/window-elements.png" x="71" y="25" h="7" w="7"/>

<!-- tooltip -->
  <bitmap id="wasabi.tooltip.top.left" file="window/window-elements.png" x="0" y="0" h="4" w="4" gammagroup="ToolTip"/>
  <bitmap id="wasabi.tooltip.top" file="window/window-elements.png" x="4" y="0" h="4" w="24" gammagroup="ToolTip"/>
  <bitmap id="wasabi.tooltip.top.right" file="window/window-elements.png" x="28" y="0" h="4" w="4" gammagroup="ToolTip"/>
  <bitmap id="wasabi.tooltip.left" file="window/window-elements.png" x="0" y="4" h="24" w="4" gammagroup="ToolTip"/>
  <bitmap id="wasabi.tooltip.center" file="window/window-elements.png" x="4" y="4" h="24" w="24" gammagroup="ToolTip"/>
  <bitmap id="wasabi.tooltip.right" file="window/window-elements.png" x="28" y="4" h="24" w="4" gammagroup="ToolTip"/>
  <bitmap id="wasabi.tooltip.bottom.left" file="window/window-elements.png" x="0" y="28" h="4" w="4" gammagroup="ToolTip"/>
  <bitmap id="wasabi.tooltip.bottom" file="window/window-elements.png" x="4" y="28" h="4" w="24" gammagroup="ToolTip"/>
  <bitmap id="wasabi.tooltip.bottom.right" file="window/window-elements.png" x="28" y="28" h="4" w="4" gammagroup="ToolTip"/>

<!-- ListBox background -->
  <bitmap id="studio.list.background" file="window/window-elements.png" x="2" y="5" h="1" w="1"/> <!-- List background bitmap (tile) -->

<!-- Generic Sliders -->

   <bitmap id="wasabi.slider.horizontal.button" file="window/window-elements.png" x="79" y="0" h="11" w="17"/>
   <bitmap id="wasabi.slider.horizontal.button.pressed" file="window/window-elements.png" x="79" y="11" h="11" w="17"/>

   <bitmap id="wasabi.slider.horizontal.left" file="window/window-elements.png" x="79" y="22" h="11" w="8"/>
   <bitmap id="wasabi.slider.horizontal.middle" file="window/window-elements.png" x="81" y="22" h="11" w="1"/>
   <bitmap id="wasabi.slider.horizontal.right" file="window/window-elements.png" x="88" y="22" h="11" w="10"/>

   <bitmap id="wasabi.scrollbar.vertical.grip" file="window/standardframe.png" x="10" y="10" w="1" h="1"/>
   <bitmap id="wasabi.scrollbar.horizontal.grip" file="window/standardframe.png" x="10" y="10" w="1" h="1"/>

<!-- Old List & Tree scrollbars -->
   <bitmap id="studio.scrollbar.horizontal.background" file="window/window-elements.png" x="55" y="33" h="13" w="1"/>
   <bitmap id="studio.scrollbar.horizontal.left" file="window/window-elements.png" x="0" y="46" h="13" w="13"/>
   <bitmap id="studio.scrollbar.horizontal.left.hilite" file="window/window-elements.png" x="0" y="46" h="13" w="13"/>
   <bitmap id="studio.scrollbar.horizontal.left.pressed" file="window/window-elements.png" x="13" y="46" h="13" w="13"/>
   <bitmap id="studio.scrollbar.horizontal.right" file="window/window-elements.png" x="26" y="46" h="13" w="13"/>
   <bitmap id="studio.scrollbar.horizontal.right.hilite" file="window/window-elements.png" x="26" y="46" h="13" w="13"/>
   <bitmap id="studio.scrollbar.horizontal.right.pressed" file="window/window-elements.png" x="39" y="46" h="13" w="13"/>
   <bitmap id="studio.scrollbar.horizontal.button" file="window/window-elements.png" x="54" y="33" h="13" w="13"/>
   <bitmap id="studio.scrollbar.horizontal.button.hilite" file="window/window-elements.png" x="54" y="33" h="13" w="13"/>
   <bitmap id="studio.scrollbar.horizontal.button.pressed" file="window/window-elements.png" x="54" y="46" h="13" w="13"/>

   <bitmap id="studio.scrollbar.vertical.background" file="window/window-elements.png" x="55" y="35" h="1" w="13"/>
   <bitmap id="studio.scrollbar.vertical.left" file="window/window-elements.png" x="0" y="33" h="13" w="13"/>
   <bitmap id="studio.scrollbar.vertical.left.hilite" file="window/window-elements.png" x="0" y="33" h="13" w="13"/>
   <bitmap id="studio.scrollbar.vertical.left.pressed" file="window/window-elements.png" x="13" y="33" h="13" w="13"/>
   <bitmap id="studio.scrollbar.vertical.right" file="window/window-elements.png" x="26" y="33" h="13" w="13"/>
   <bitmap id="studio.scrollbar.vertical.right.hilite" file="window/window-elements.png" x="26" y="33" h="13" w="13"/>
   <bitmap id="studio.scrollbar.vertical.right.pressed" file="window/window-elements.png" x="39" y="33" h="13" w="13"/>
   <bitmap id="studio.scrollbar.vertical.button" file="window/window-elements.png" x="54" y="33" h="13" w="13"/>
   <bitmap id="studio.scrollbar.vertical.button.hilite" file="window/window-elements.png" x="54" y="33" h="13" w="13"/>
   <bitmap id="studio.scrollbar.vertical.button.pressed" file="window/window-elements.png" x="54" y="46" h="13" w="13"/>


<!--
  <bitmap id="wasabi.objectframe.top.left" file="window/window-elements.png" x="0" y="0" h="4" w="4"/>
  <bitmap id="wasabi.objectframe.top" file="window/window-elements.png" x="4" y="0" h="4" w="24"/>
  <bitmap id="wasabi.objectframe.top.right" file="window/window-elements.png" x="28" y="0" h="4" w="4"/>
  <bitmap id="wasabi.objectframe.left" file="window/window-elements.png" x="0" y="4" h="24" w="4"/>
  <bitmap id="wasabi.objectframe.center" file="window/window-elements.png" x="4" y="4" h="24" w="24"/>
  <bitmap id="wasabi.objectframe.right" file="window/window-elements.png" x="28" y="4" h="24" w="4"/>
  <bitmap id="wasabi.objectframe.bottom.left" file="window/window-elements.png" x="0" y="28" h="4" w="4"/>
  <bitmap id="wasabi.objectframe.bottom" file="window/window-elements.png" x="4" y="28" h="4" w="24"/>
  <bitmap id="wasabi.objectframe.bottom.right" file="window/window-elements.png" x="28" y="28" h="4" w="4"/>
-->



</elements>



