
<elements>

  <!-- Generic Lists -->
  <color id="wasabi.list.text" value="80,80,80"/> <!--lists/trees item foreground (also edit text) -->
  <color id="wasabi.list.background" value="230,230,230"/>  <!--lists/trees item background (also bg for edit) -->

  <color id="wasabi.list.text.selected" value="255,255,255"/> <!--listview/treeview selection bar text color -->
  <color id="wasabi.list.text.selected.background" value="157,123,170"/> <!--listview/treeview selection bar backcolor -->
  <color id="studio.list.item.selected" value="240,240,240"/>
  <color id="studio.list.item.focused" value="240,240,240"/>

  <color id="wasabi.list.text.current" value="87,68,95"/> <!-- currently playing item in lists -->
  <color id="wasabi.list.text.selected.inactive" value="255,255,255"/> <!-- listview/treeview selection bar textcolor (inactive) -->
  <color id="wasabi.list.text.selected.background.inactive" value="200,200,200"/> <!-- listview/treeview selectionbar back color (inactive) -->

  <color id="wasabi.list.column.background" value="255,255,255"/> <!-- listview header background color -->
  <color id="wasabi.list.column.text" value="157,123,170"/> <!-- listview header text color -->
  <color id="wasabi.list.column.frame.top" value="80,80,80"/> // listview header frame top color
  <color id="wasabi.list.column.frame.middle" value="255,255,255"/> // listview header frame middle color
  <color id="wasabi.list.column.frame.bottom" value="80,80,80"/> // listview header frame bottom color
  <color id="wasabi.list.column.empty" value="255,255,255"/> // listview header empty color (beyond the columns

  <!-- edit wnds -->
  <color id="wasabi.window.background" value="255,255,255"/> <!--window background. -  If this color is not defined, a whole container is created in memory to extract a pixel, so specifying it makes skin loading faster -->
  <color id="wasabi.window.text" value="157,123,170"/> <!--text color within windows -->
  <color id="wasabi.border.sunken" value="150,150,150"/> // color of dividers and sunken borders

  <color id="wasabi.scrollbar.foreground" value="255,255,255"/> <!-- scrollbar foreground color -->
  <color id="wasabi.scrollbar.background" value="255,255,255"/> <!-- scrollbar background color -->
  <color id="wasabi.scrollbar.foreground.inverted" value="255,255,255"/> <!-- inverse scrollbar foreground color -->
  <color id="wasabi.scrollbar.background.inverted" value="255,255,255"/> <!-- inverse scrollbar background color -->

  <color id="wasabi.button.text" value="255,255,255" gammagroup="ButtonTextCol"/> <!-- Buttons text color -->
  <color id="wasabi.button.hiliteText" value="255,255,255" gammagroup="ButtonTextCol"/> <!-- Buttons hilite text color, used by tab windows-->
  <color id="wasabi.button.dimmedText" value="80,80,80" gammagroup="ButtonTextCol"/> <!-- Buttons dimmed text color, when disabled -->

  <!-- wasabi colors -->
  <color id="wasabi.text.color" value="157,123,170" gammagroup="Text"/>

</elements>
