<include file="components-elements.xml"/>

<groupdef id="video.button.group">

  <button
    id="vid.fs"
    action="VID_FS"
    x="0" y="0"
    image="component.button.full"
	hoverimage="component.button.full.hover"
	downimage="component.button.full.hover"
  />

  <button
    id="vid.1x"
    action="VID_1X"
    x="38" y="0"
    image="component.button.1x"
	hoverimage="component.button.1x.hover"
	downimage="component.button.1x.hover"
  />

  <button
    id="vid.2x"
    action="VID_2X"
    x="68" y="0"
    image="component.button.2x"
	hoverimage="component.button.2x.hover"
	downimage="component.button.2x.hover"
  />

  <button
    id="vid.tv"
    action="VID_TV"
    x="102" y="0"
    image="component.button.tv"
	hoverimage="component.button.tv.hover"
	downimage="component.button.tv.hover"
  />

</groupdef>


<groupdef id="video.content.group">
  <component
    x="0"
    y="0"
    w="0"
    relatw="1"
    h="0"
    relath="1"
    noshowcmdbar="1"
    autoopen="1"
    autoclose="1"
    param="{F0816D7B-FFFC-4343-80F2-E8199AA15CC3}"
/>
</groupdef>

<container id="video" default_visible="0">

  <layout id="normal" minimum_w="250" minimum_h="200" default_w="250" default_h="200" background="component.basetexture">
    <Wasabi:standardframe:statusbar
      x="0" y="0" w="0" h="0" relatw="1" relath="1"
      content="video.content.group"
    />

    <group id="video.button.group" x="5" y="-25" relaty="1"/>
	
	<button
	    id="vid.misc"
	    action="VID_MISC"
	    x="-55" y="-25"
		relatx="1" relaty="1"
	    image="component.button.misc"
		hoverimage="component.button.misc.hover"
		downimage="component.button.misc.hover"
	/>

    <layer id="title" x="5" y="5" ghost="1" alpha="255" sysregion="1" image="component.title.vid"/>

  </layout>
</container>
