<include file="components-elements.xml"/>

<groupdef id="vis.button.group">

  <button
    id="vis.fs"
    action="VIS_FS"
    x="0" y="0"
    image="component.button.full"
	hoverimage="component.button.full.hover"
	downimage="component.button.full.hover"
  />

  <button
    id="vis.prev"
    action="VIS_PREV"
    x="38" y="0"
    image="component.button.prev"
	hoverimage="component.button.prev.hover"
	downimage="component.button.prev.hover"
  />

  <button
    id="vis.next"
    action="VIS_NEXT"
    x="86" y="0"
    image="component.button.next"
	hoverimage="component.button.next.hover"
	downimage="component.button.next.hover"
  />

  <togglebutton
    id="vis.random"
    x="134" y="0"
    cfgattrib="{0000000A-000C-0010-FF7B-01014263450C};Random"
    image="component.button.rand"
    activeImage="component.button.rand.enabled"
    rectrgn="1"
  />
  



</groupdef>


<groupdef id="vis.content.group">
  <component
    x="0"
    y="0"
    w="0"
    relatw="1"
    h="0"
    relath="1"
    noshowcmdbar="1"
    autoopen="1"
    autoclose="1"
    param="{0000000A-000C-0010-FF7B-01014263450C}"
/>
</groupdef>

<container id="avs" name="Visualization" default_visible="0">

  <layout id="normal" minimum_w="400" minimum_h="300" default_w="200" default_h="150" background="component.basetexture">
    <Wasabi:standardframe:statusbar
      x="0" y="0" w="0" h="0" relatw="1" relath="1"
      content="vis.content.group"
    />
  
    <group id="vis.button.group" x="5" y="-25" relaty="1"/>
	<button
		id="vis.misc"
	    action="VIS_MENU"
	    x="-50" y="-25"
		relatx="1" relaty="1"
	    image="component.button.misc"
		hoverimage="component.button.misc.hover"
		downimage="component.button.misc.hover"
	/>

    <layer id="title" x="10" y="5" ghost="1" alpha="255" image="component.title.avs"/>

  </layout>
</container>
